{
    "loss": 1.815421462059021,
    "accuracy": 0.7058823704719543
}